{"cameraMode":{"drawMode":0,"name":"Shaded","section":"Shading Mode"},"sceneLighting":true,"audioPlay":false,"sceneViewState":{"showFog":true,"showMaterialUpdate":false,"showSkybox":true,"showFlares":true,"showImageEffects":true,"showParticleSystems":true},"in2DMode":false,"pivot":{"x":-1.615156650543213,"y":-2.317206859588623,"z":-0.12847495079040528},"rotation":{"x":-0.23726023733615876,"y":-0.7298794388771057,"z":0.30799445509910586,"w":-0.5622554421424866},"size":4.729991436004639,"orthographic":false}