{"cameraMode":{"drawMode":0,"name":"Shaded","section":"Shading Mode"},"sceneLighting":false,"audioPlay":false,"sceneViewState":{"showFog":true,"showMaterialUpdate":false,"showSkybox":false,"showFlares":true,"showImageEffects":true,"showParticleSystems":true},"in2DMode":false,"pivot":{"x":2.355670928955078,"y":1.2631354331970215,"z":2.7520081996917726},"rotation":{"x":0.4820803105831146,"y":0.08776862919330597,"z":-0.048608504235744479,"w":0.8703845143318176},"size":1.80846107006073,"orthographic":false}