{"cameraMode":{"drawMode":0,"name":"Shaded","section":"Shading Mode"},"sceneLighting":true,"audioPlay":false,"sceneViewState":{"showFog":true,"showMaterialUpdate":false,"showSkybox":true,"showFlares":true,"showImageEffects":true,"showParticleSystems":true},"in2DMode":false,"pivot":{"x":9.934362411499024,"y":-3.1159045696258547,"z":-4.726253509521484},"rotation":{"x":-0.22353939712047578,"y":-0.6849156022071838,"z":0.23503096401691438,"w":-0.6525493264198303},"size":9.097371101379395,"orthographic":false}