{"cameraMode":{"drawMode":0,"name":"Shaded","section":"Shading Mode"},"sceneLighting":false,"audioPlay":false,"sceneViewState":{"showFog":true,"showMaterialUpdate":false,"showSkybox":true,"showFlares":true,"showImageEffects":true,"showParticleSystems":true},"in2DMode":false,"pivot":{"x":15.38644790649414,"y":-7.258571147918701,"z":1.4217382669448853},"rotation":{"x":-0.24311035871505738,"y":-0.6468117833137512,"z":0.22940336167812348,"w":-0.6855327486991882},"size":15.355393409729004,"orthographic":false}