{"cameraMode":{"drawMode":0,"name":"Shaded","section":"Shading Mode"},"sceneLighting":false,"audioPlay":false,"sceneViewState":{"showFog":true,"showMaterialUpdate":false,"showSkybox":true,"showFlares":true,"showImageEffects":true,"showParticleSystems":true},"in2DMode":false,"pivot":{"x":0.1055627390742302,"y":-8.539787292480469,"z":0.615851640701294},"rotation":{"x":-0.4601335823535919,"y":0.47212088108062746,"z":-0.31917253136634829,"w":-0.6809620261192322},"size":6.409115791320801,"orthographic":false}