{"cameraMode":{"drawMode":0,"name":"Shaded","section":"Shading Mode"},"sceneLighting":false,"audioPlay":false,"sceneViewState":{"showFog":true,"showMaterialUpdate":false,"showSkybox":true,"showFlares":true,"showImageEffects":true,"showParticleSystems":true},"in2DMode":false,"pivot":{"x":2.04117751121521,"y":-2.535330295562744,"z":-0.2965155243873596},"rotation":{"x":-0.24760298430919648,"y":-0.6408185958862305,"z":0.2299884706735611,"w":-0.6893787980079651},"size":3.633974313735962,"orthographic":false}