{"cameraMode":{"drawMode":0,"name":"Shaded","section":"Shading Mode"},"sceneLighting":false,"audioPlay":false,"sceneViewState":{"showFog":true,"showMaterialUpdate":false,"showSkybox":true,"showFlares":true,"showImageEffects":true,"showParticleSystems":true},"in2DMode":false,"pivot":{"x":3.3998570442199709,"y":-3.439572811126709,"z":3.9873814582824709},"rotation":{"x":0.29672878980636599,"y":0.6008226275444031,"z":-0.2555375099182129,"w":0.6970868110656738},"size":6.409115791320801,"orthographic":false}