{"cameraMode":{"drawMode":0,"name":"Shaded","section":"Shading Mode"},"sceneLighting":false,"audioPlay":false,"sceneViewState":{"showFog":true,"showMaterialUpdate":false,"showSkybox":true,"showFlares":true,"showImageEffects":true,"showParticleSystems":true},"in2DMode":false,"pivot":{"x":-1.008352279663086,"y":0.12331104278564453,"z":1.7661871910095215},"rotation":{"x":0.2676946222782135,"y":-0.4233134984970093,"z":0.13248643279075623,"w":0.8553562760353088},"size":8.105597496032715,"orthographic":false}