{"cameraMode":{"drawMode":0,"name":"Shaded","section":"Shading Mode"},"sceneLighting":false,"audioPlay":false,"sceneViewState":{"showFog":true,"showMaterialUpdate":false,"showSkybox":true,"showFlares":true,"showImageEffects":true,"showParticleSystems":true},"in2DMode":false,"pivot":{"x":-0.7089855670928955,"y":0.26703667640686037,"z":-2.53136944770813},"rotation":{"x":-0.15379954874515534,"y":0.8367972373962402,"z":-0.29678136110305788,"w":-0.43373966217041018},"size":3.109114408493042,"orthographic":false}