{"cameraMode":{"drawMode":0,"name":"Shaded","section":"Shading Mode"},"sceneLighting":false,"audioPlay":false,"sceneViewState":{"showFog":true,"showMaterialUpdate":false,"showSkybox":true,"showFlares":true,"showImageEffects":true,"showParticleSystems":true},"in2DMode":false,"pivot":{"x":-0.6020684242248535,"y":-0.6758670806884766,"z":0.8607296943664551},"rotation":{"x":-0.165303036570549,"y":0.8112689256668091,"z":-0.2740868926048279,"w":-0.48928001523017886},"size":3.409114360809326,"orthographic":false}