{"cameraMode":{"drawMode":0,"name":"Shaded","section":"Shading Mode"},"sceneLighting":false,"audioPlay":false,"sceneViewState":{"showFog":true,"showMaterialUpdate":false,"showSkybox":true,"showFlares":true,"showImageEffects":true,"showParticleSystems":true},"in2DMode":false,"pivot":{"x":15.58633804321289,"y":-10.769750595092774,"z":10.686567306518555},"rotation":{"x":0.20760515332221986,"y":0.4459421932697296,"z":-0.10717567801475525,"w":0.8640758395195007},"size":15.66476058959961,"orthographic":false}