{"cameraMode":{"drawMode":0,"name":"Shaded","section":"Shading Mode"},"sceneLighting":false,"audioPlay":false,"sceneViewState":{"showFog":true,"showMaterialUpdate":false,"showSkybox":true,"showFlares":true,"showImageEffects":true,"showParticleSystems":true},"in2DMode":false,"pivot":{"x":0.4517308473587036,"y":2.4347593784332277,"z":-0.2952576279640198},"rotation":{"x":0.3150307834148407,"y":-0.5747869610786438,"z":0.2546098530292511,"w":0.7111196517944336},"size":0.8660253882408142,"orthographic":false}