{"cameraMode":{"drawMode":0,"name":"Shaded","section":"Shading Mode"},"sceneLighting":false,"audioPlay":false,"sceneViewState":{"showFog":true,"showMaterialUpdate":false,"showSkybox":true,"showFlares":true,"showImageEffects":true,"showParticleSystems":true},"in2DMode":false,"pivot":{"x":13.837319374084473,"y":18.752321243286134,"z":-9.611567497253418},"rotation":{"x":-0.24120037257671357,"y":0.45609810948371889,"z":-0.12992039322853089,"w":-0.8467172980308533},"size":0.8660253882408142,"orthographic":false}