{"cameraMode":{"drawMode":0,"name":"Shaded","section":"Shading Mode"},"sceneLighting":false,"audioPlay":false,"sceneViewState":{"showFog":true,"showMaterialUpdate":false,"showSkybox":true,"showFlares":true,"showImageEffects":true,"showParticleSystems":true},"in2DMode":false,"pivot":{"x":3.152311086654663,"y":-2.7265517711639406,"z":8.660914421081543},"rotation":{"x":0.12944599986076356,"y":0.10155125707387924,"z":-0.01332796085625887,"w":0.986284613609314},"size":11.442039489746094,"orthographic":false}
