{"cameraMode":{"drawMode":0,"name":"Shaded","section":"Shading Mode"},"sceneLighting":false,"audioPlay":false,"sceneViewState":{"showFog":true,"showMaterialUpdate":false,"showSkybox":true,"showFlares":true,"showImageEffects":true,"showParticleSystems":true},"in2DMode":false,"pivot":{"x":7.762318134307861,"y":-1.0397629737854005,"z":8.11767578125},"rotation":{"x":-0.28233569860458376,"y":0.3560563921928406,"z":-0.11378368735313416,"w":-0.8834956884384155},"size":5.694295406341553,"orthographic":false}