{"cameraMode":{"drawMode":0,"name":"Shaded","section":"Shading Mode"},"sceneLighting":false,"audioPlay":false,"sceneViewState":{"showFog":true,"showMaterialUpdate":false,"showSkybox":true,"showFlares":true,"showImageEffects":true,"showParticleSystems":true},"in2DMode":false,"pivot":{"x":-2.9197843074798586,"y":0.5867226123809815,"z":-0.5680449604988098},"rotation":{"x":-0.14858289062976838,"y":-0.690237283706665,"z":0.14791883528232575,"w":-0.6926518678665161},"size":2.014376640319824,"orthographic":false}