{"cameraMode":{"drawMode":0,"name":"Shaded","section":"Shading Mode"},"sceneLighting":false,"audioPlay":false,"sceneViewState":{"showFog":true,"showMaterialUpdate":false,"showSkybox":true,"showFlares":true,"showImageEffects":true,"showParticleSystems":true},"in2DMode":false,"pivot":{"x":2.419692039489746,"y":9.825299263000489,"z":0.16594213247299195},"rotation":{"x":0.4082977771759033,"y":-0.4789901375770569,"z":0.2681157886981964,"w":0.729403555393219},"size":8.105597496032715,"orthographic":false}