{"cameraMode":{"drawMode":0,"name":"Shaded","section":"Shading Mode"},"sceneLighting":false,"audioPlay":false,"sceneViewState":{"showFog":true,"showMaterialUpdate":false,"showSkybox":true,"showFlares":true,"showImageEffects":true,"showParticleSystems":true},"in2DMode":false,"pivot":{"x":3.627825975418091,"y":17.26102066040039,"z":-6.2006659507751469},"rotation":{"x":-0.4066830277442932,"y":-0.00030999042792245746,"z":0.00016650282486807555,"w":-0.9135980010032654},"size":0.8660253882408142,"orthographic":false}