{"cameraMode":{"drawMode":0,"name":"Shaded","section":"Shading Mode"},"sceneLighting":true,"audioPlay":false,"sceneViewState":{"showFog":true,"showMaterialUpdate":false,"showSkybox":true,"showFlares":true,"showImageEffects":true,"showParticleSystems":true},"in2DMode":false,"pivot":{"x":-8.153694152832032,"y":-6.229886054992676,"z":1.8052525520324708},"rotation":{"x":0.23119908571243287,"y":-0.5915969014167786,"z":0.18223130702972413,"w":0.7505670785903931},"size":10.0,"orthographic":false}