{"cameraMode":{"drawMode":0,"name":"Shaded","section":"Shading Mode"},"sceneLighting":true,"audioPlay":false,"sceneViewState":{"showFog":true,"showMaterialUpdate":false,"showSkybox":true,"showFlares":true,"showImageEffects":true,"showParticleSystems":true},"in2DMode":false,"pivot":{"x":-2.3836727142333986,"y":-1.715825080871582,"z":8.974684715270996},"rotation":{"x":-0.14954952895641328,"y":0.1468368023633957,"z":-0.02246406488120556,"w":-0.9775324463844299},"size":10.0,"orthographic":false}