{"cameraMode":{"drawMode":0,"name":"Shaded","section":"Shading Mode"},"sceneLighting":true,"audioPlay":false,"sceneViewState":{"showFog":true,"showMaterialUpdate":false,"showSkybox":true,"showFlares":true,"showImageEffects":true,"showParticleSystems":true},"in2DMode":false,"pivot":{"x":-11.632823944091797,"y":-8.778637886047364,"z":6.780561447143555},"rotation":{"x":-0.2422991394996643,"y":0.5044050812721252,"z":-0.14988455176353455,"w":-0.8151671290397644},"size":12.641302108764649,"orthographic":false}