{"cameraMode":{"drawMode":0,"name":"Shaded","section":"Shading Mode"},"sceneLighting":true,"audioPlay":false,"sceneViewState":{"showFog":true,"showMaterialUpdate":false,"showSkybox":true,"showFlares":true,"showImageEffects":true,"showParticleSystems":true},"in2DMode":false,"pivot":{"x":6.704441070556641,"y":-4.908143043518066,"z":8.146875381469727},"rotation":{"x":0.24467146396636964,"y":0.10649247467517853,"z":-0.027072284370660783,"w":0.9633743762969971},"size":10.0,"orthographic":false}