{"cameraMode":{"drawMode":0,"name":"Shaded","section":"Shading Mode"},"sceneLighting":true,"audioPlay":false,"sceneViewState":{"showFog":true,"showMaterialUpdate":false,"showSkybox":true,"showFlares":true,"showImageEffects":true,"showParticleSystems":true},"in2DMode":false,"pivot":{"x":3.683258533477783,"y":-15.252922058105469,"z":12.373838424682618},"rotation":{"x":0.4156462252140045,"y":0.18025998771190644,"z":-0.08445728570222855,"w":0.8875043988227844},"size":14.106164932250977,"orthographic":false}