{"cameraMode":{"drawMode":0,"name":"Shaded","section":"Shading Mode"},"sceneLighting":false,"audioPlay":false,"sceneViewState":{"showFog":true,"showMaterialUpdate":false,"showSkybox":false,"showFlares":true,"showImageEffects":true,"showParticleSystems":true},"in2DMode":false,"pivot":{"x":-4.441999912261963,"y":0.9019186496734619,"z":-4.170000076293945},"rotation":{"x":0.4673798084259033,"y":0.002644473919644952,"z":-0.001415690639987588,"w":0.8840916752815247},"size":1.1369374990463257,"orthographic":false}