{"cameraMode":{"drawMode":0,"name":"Shaded","section":"Shading Mode"},"sceneLighting":true,"audioPlay":false,"sceneViewState":{"showFog":true,"showMaterialUpdate":false,"showSkybox":true,"showFlares":true,"showImageEffects":true,"showParticleSystems":true},"in2DMode":false,"pivot":{"x":7.22357177734375,"y":-3.527543067932129,"z":-0.09231933951377869},"rotation":{"x":0.2550828158855438,"y":0.48372766375541689,"z":-0.1497984081506729,"w":0.8237097263336182},"size":10.0,"orthographic":false}