{"cameraMode":{"drawMode":0,"name":"Shaded","section":"Shading Mode"},"sceneLighting":true,"audioPlay":false,"sceneViewState":{"showFog":true,"showMaterialUpdate":false,"showSkybox":true,"showFlares":true,"showImageEffects":true,"showParticleSystems":true},"in2DMode":false,"pivot":{"x":0.17553263902664185,"y":0.1520092487335205,"z":0.6387944221496582},"rotation":{"x":-0.1928073614835739,"y":-0.09754496812820435,"z":0.019266469404101373,"w":-0.9761933088302612},"size":2.730829954147339,"orthographic":false}