{"cameraMode":{"drawMode":0,"name":"Shaded","section":"Shading Mode"},"sceneLighting":false,"audioPlay":false,"sceneViewState":{"showFog":true,"showMaterialUpdate":false,"showSkybox":true,"showFlares":true,"showImageEffects":true,"showParticleSystems":true},"in2DMode":false,"pivot":{"x":-3.9938950538635256,"y":1.589884877204895,"z":9.566883087158204},"rotation":{"x":-0.34080493450164797,"y":-0.6063796281814575,"z":0.3217697739601135,"w":-0.642397403717041},"size":0.3851780593395233,"orthographic":false}