{"cameraMode":{"drawMode":0,"name":"Shaded","section":"Shading Mode"},"sceneLighting":false,"audioPlay":false,"sceneViewState":{"showFog":true,"showMaterialUpdate":false,"showSkybox":true,"showFlares":true,"showImageEffects":true,"showParticleSystems":true},"in2DMode":false,"pivot":{"x":-1.108426570892334,"y":3.5875043869018556,"z":-4.305877685546875},"rotation":{"x":-0.20578382909297944,"y":-0.02112100087106228,"z":0.004461441654711962,"w":-0.9783850312232971},"size":0.3851780593395233,"orthographic":false}