{"cameraMode":{"drawMode":0,"name":"Shaded","section":"Shading Mode"},"sceneLighting":true,"audioPlay":false,"sceneViewState":{"showFog":true,"showMaterialUpdate":false,"showSkybox":true,"showFlares":true,"showImageEffects":true,"showParticleSystems":true},"in2DMode":false,"pivot":{"x":-2.8239383697509767,"y":-3.9495601654052736,"z":3.7780838012695314},"rotation":{"x":-0.050177913159132007,"y":0.9040018320083618,"z":-0.1106639876961708,"w":-0.40989774465560915},"size":12.43658447265625,"orthographic":false}