{"cameraMode":{"drawMode":0,"name":"Shaded","section":"Shading Mode"},"sceneLighting":true,"audioPlay":false,"sceneViewState":{"showFog":true,"showMaterialUpdate":false,"showSkybox":true,"showFlares":true,"showImageEffects":true,"showParticleSystems":true},"in2DMode":false,"pivot":{"x":2.5081770420074465,"y":-0.8078415393829346,"z":32.06625747680664},"rotation":{"x":-0.025790780782699586,"y":-0.03538341075181961,"z":0.000913162948563695,"w":-0.9990409016609192},"size":18.916034698486329,"orthographic":false}